MatchID,Date,Team,Opponent,Venue,Runs,Wickets,Overs,StrikeRate,Economy,Result
3001,2024-03-01,PBKS,CSK,Mumbai,233,6,17.4,147.5,11.7,Loss
3002,2024-03-02,SRH,MI,Chennai,236,2,15.5,129.0,11.7,Win
3003,2024-03-03,MI,KKR,Chennai,113,5,19.7,136.9,8.3,Win
3004,2024-03-04,RR,KKR,Chennai,148,8,15.3,150.9,7.1,Loss
3005,2024-03-05,KKR,MI,Mohali,139,8,19.0,119.0,11.3,Loss
3006,2024-03-06,KKR,RCB,Chennai,148,10,20.0,172.7,7.6,Loss
3007,2024-03-07,PBKS,SRH,Jaipur,202,4,16.8,110.7,5.3,Loss
3008,2024-03-08,PBKS,RCB,Hyderabad,129,10,16.8,175.7,5.5,Win
3009,2024-03-09,SRH,PBKS,Delhi,112,3,16.5,104.6,9.0,Loss
3010,2024-03-10,MI,CSK,Mohali,157,3,16.0,148.4,9.0,Loss
3011,2024-03-11,RR,RCB,Jaipur,220,10,18.5,159.2,10.1,Loss
3012,2024-03-12,PBKS,RR,Bangalore,239,5,15.1,122.2,8.2,Win
3013,2024-03-13,CSK,SRH,Bangalore,165,1,15.2,103.3,6.3,Loss
3014,2024-03-14,MI,DC,Mumbai,185,1,15.9,170.6,9.7,Win
3015,2024-03-15,RR,PBKS,Chennai,141,4,18.8,169.4,9.6,Win
3016,2024-03-16,RCB,CSK,Delhi,197,0,18.2,103.0,7.0,Loss
3017,2024-03-17,RCB,RR,Jaipur,229,6,19.1,117.1,8.4,Loss
3018,2024-03-18,CSK,RCB,Mumbai,112,9,19.0,114.6,6.7,Loss
3019,2024-03-19,PBKS,RR,Chennai,234,6,15.2,134.6,8.3,Win
3020,2024-03-20,RR,RCB,Mumbai,199,1,19.7,116.0,8.8,Win
3021,2024-03-21,SRH,DC,Jaipur,223,2,18.9,143.2,9.8,Win
3022,2024-03-22,CSK,RCB,Delhi,238,1,19.8,172.5,6.8,Loss
3023,2024-03-23,PBKS,RR,Delhi,154,8,15.6,181.2,6.1,Loss
3024,2024-03-24,PBKS,SRH,Mohali,225,1,17.6,183.8,8.7,Win
3025,2024-03-25,SRH,KKR,Jaipur,148,3,16.4,124.2,5.6,Win
3026,2024-03-26,CSK,MI,Mumbai,223,5,16.9,149.3,11.6,Win
3027,2024-03-27,KKR,SRH,Mohali,196,4,18.9,183.1,10.4,Win
3028,2024-03-28,PBKS,DC,Chennai,170,3,17.2,191.2,8.3,Win
3029,2024-03-29,RCB,PBKS,Kolkata,221,3,18.1,172.4,9.1,Loss
3030,2024-03-30,RR,SRH,Hyderabad,224,4,19.0,147.8,11.6,Loss
3031,2024-03-31,KKR,DC,Kolkata,177,8,17.5,116.2,11.3,Loss
3032,2024-04-01,SRH,RR,Kolkata,114,1,15.7,179.1,10.6,Win
3033,2024-04-02,SRH,MI,Jaipur,101,2,15.7,128.6,10.2,Win
3034,2024-04-03,PBKS,MI,Chennai,130,7,18.9,116.5,7.9,Win
3035,2024-04-04,DC,MI,Hyderabad,197,9,16.6,118.3,11.3,Win
3036,2024-04-05,CSK,SRH,Kolkata,159,6,18.1,170.0,11.0,Win
3037,2024-04-06,CSK,MI,Mohali,215,9,19.3,192.1,8.6,Win
3038,2024-04-07,PBKS,SRH,Hyderabad,183,2,18.3,113.4,9.2,Win
3039,2024-04-08,DC,RCB,Mumbai,206,4,18.9,198.0,6.2,Win
3040,2024-04-09,CSK,SRH,Delhi,105,0,19.4,177.2,8.9,Loss
3041,2024-04-10,KKR,RR,Chennai,248,2,16.8,134.9,9.9,Win
3042,2024-04-11,DC,KKR,Mohali,183,2,15.4,106.6,7.2,Loss
3043,2024-04-12,CSK,KKR,Delhi,140,0,15.9,141.4,8.8,Loss
3044,2024-04-13,RCB,PBKS,Mohali,158,4,17.7,154.2,9.8,Loss
3045,2024-04-14,CSK,KKR,Hyderabad,145,4,17.4,135.0,5.6,Loss
3046,2024-04-15,MI,DC,Bangalore,179,7,18.0,181.3,8.7,Loss
3047,2024-04-16,RR,RCB,Mohali,115,1,18.6,137.7,8.8,Win
3048,2024-04-17,RR,MI,Bangalore,153,2,18.7,153.1,8.9,Win
3049,2024-04-18,SRH,RR,Mumbai,181,3,15.4,157.8,7.3,Win
3050,2024-04-19,RR,MI,Hyderabad,109,4,16.9,178.5,7.3,Loss
3051,2024-04-20,MI,SRH,Jaipur,125,8,15.1,109.5,6.1,Loss
3052,2024-04-21,PBKS,KKR,Chennai,133,3,18.1,183.5,5.7,Win
3053,2024-04-22,KKR,RCB,Delhi,230,1,19.2,158.7,8.0,Loss
3054,2024-04-23,KKR,SRH,Kolkata,221,3,15.6,183.2,8.6,Win
3055,2024-04-24,CSK,DC,Chennai,138,4,19.7,149.9,11.7,Win
3056,2024-04-25,KKR,MI,Jaipur,100,6,16.1,156.3,9.8,Loss
3057,2024-04-26,CSK,RR,Mumbai,164,7,19.2,193.3,6.9,Win
3058,2024-04-27,MI,PBKS,Bangalore,236,10,15.6,162.2,5.8,Win
3059,2024-04-28,CSK,DC,Kolkata,225,9,15.2,164.5,9.0,Win
3060,2024-04-29,CSK,MI,Delhi,234,1,19.1,183.7,5.7,Win
3061,2024-04-30,RR,KKR,Chennai,212,8,16.4,190.8,7.6,Loss
3062,2024-05-01,PBKS,RCB,Mumbai,192,10,17.8,124.4,11.8,Loss
3063,2024-05-02,DC,RCB,Kolkata,235,6,18.3,166.2,8.8,Loss
3064,2024-05-03,SRH,RCB,Delhi,232,8,16.0,112.0,10.2,Loss
3065,2024-05-04,SRH,CSK,Mohali,169,4,19.5,106.5,11.2,Loss
3066,2024-05-05,SRH,MI,Delhi,160,10,17.4,163.7,6.6,Loss
3067,2024-05-06,PBKS,KKR,Chennai,147,3,16.9,149.0,12.0,Loss
3068,2024-05-07,PBKS,RCB,Chennai,162,5,15.6,188.1,9.9,Loss
3069,2024-05-08,RCB,PBKS,Delhi,130,9,17.4,136.9,9.3,Loss
3070,2024-05-09,MI,RCB,Mohali,149,5,19.7,185.4,6.4,Loss
3071,2024-05-10,KKR,RCB,Mohali,216,6,17.6,176.3,7.1,Loss
3072,2024-05-11,CSK,SRH,Mohali,197,3,17.5,132.5,6.3,Win
3073,2024-05-12,DC,KKR,Mumbai,226,8,19.0,127.8,5.9,Loss
3074,2024-05-13,PBKS,SRH,Mohali,233,2,18.6,170.9,6.1,Loss
3075,2024-05-14,PBKS,CSK,Hyderabad,161,10,18.6,177.6,8.2,Loss
3076,2024-05-15,SRH,PBKS,Mumbai,100,7,18.3,157.6,8.6,Win
3077,2024-05-16,PBKS,RCB,Jaipur,139,7,19.6,113.7,7.6,Win
3078,2024-05-17,CSK,RCB,Mumbai,244,7,19.8,179.9,8.7,Win
3079,2024-05-18,DC,CSK,Kolkata,180,9,18.1,162.8,11.0,Loss
3080,2024-05-19,SRH,RCB,Jaipur,156,2,16.5,164.2,7.0,Win
3081,2024-05-20,KKR,PBKS,Chennai,176,2,18.0,153.5,6.8,Win
3082,2024-05-21,MI,CSK,Mumbai,167,6,17.2,140.3,7.0,Loss
3083,2024-05-22,KKR,RCB,Mohali,184,8,18.4,181.4,7.8,Loss
3084,2024-05-23,KKR,CSK,Mohali,232,0,15.2,152.7,11.4,Loss
3085,2024-05-24,KKR,DC,Delhi,106,6,15.3,174.8,5.1,Loss
3086,2024-05-25,MI,SRH,Mumbai,234,10,15.8,151.7,9.7,Loss
3087,2024-05-26,KKR,CSK,Bangalore,235,8,17.4,113.7,9.2,Loss
3088,2024-05-27,KKR,SRH,Hyderabad,106,5,16.7,112.1,6.2,Loss
3089,2024-05-28,SRH,MI,Hyderabad,147,1,15.8,103.1,6.0,Win
3090,2024-05-29,KKR,PBKS,Mohali,201,8,18.7,130.4,11.2,Win
3091,2024-05-30,MI,SRH,Delhi,152,8,16.6,113.1,11.0,Win
3092,2024-05-31,KKR,SRH,Chennai,175,6,19.7,180.8,5.1,Loss
3093,2024-06-01,RR,DC,Jaipur,124,9,16.8,150.4,10.0,Loss
3094,2024-06-02,MI,PBKS,Mumbai,148,5,17.0,157.2,10.8,Win
3095,2024-06-03,DC,PBKS,Jaipur,222,0,17.1,145.9,9.8,Win
3096,2024-06-04,MI,CSK,Chennai,243,8,18.5,166.2,11.5,Win
3097,2024-06-05,DC,MI,Mohali,209,5,19.3,152.4,8.2,Loss
3098,2024-06-06,MI,CSK,Mohali,179,10,19.4,193.4,9.4,Loss
3099,2024-06-07,PBKS,RCB,Chennai,165,0,17.8,184.2,11.3,Loss
3100,2024-06-08,PBKS,RR,Mohali,235,2,19.2,118.6,6.6,Loss
3101,2024-06-09,RCB,RR,Chennai,127,6,16.4,187.4,6.7,Loss
3102,2024-06-10,KKR,RCB,Bangalore,146,9,18.5,146.9,6.1,Win
3103,2024-06-11,RCB,CSK,Jaipur,231,10,19.2,196.8,11.5,Loss
3104,2024-06-12,RCB,MI,Bangalore,244,3,19.5,159.8,11.6,Loss
3105,2024-06-13,DC,SRH,Bangalore,204,7,18.5,100.0,6.8,Loss
3106,2024-06-14,PBKS,DC,Delhi,180,6,16.0,100.9,7.1,Win
3107,2024-06-15,KKR,SRH,Chennai,171,0,19.3,127.0,10.5,Win
3108,2024-06-16,KKR,MI,Kolkata,177,7,18.2,182.3,10.2,Win
3109,2024-06-17,RCB,PBKS,Chennai,175,8,17.7,155.3,5.9,Win
3110,2024-06-18,PBKS,CSK,Bangalore,118,4,19.6,108.2,8.8,Win
3111,2024-06-19,CSK,KKR,Chennai,109,7,15.2,149.2,9.5,Win
3112,2024-06-20,SRH,RCB,Jaipur,144,2,15.1,121.2,6.2,Loss
3113,2024-06-21,DC,KKR,Delhi,226,8,16.1,105.4,5.8,Loss
3114,2024-06-22,KKR,PBKS,Jaipur,109,1,16.5,135.8,6.4,Loss
3115,2024-06-23,MI,RR,Delhi,230,2,18.1,118.4,5.3,Loss
3116,2024-06-24,MI,SRH,Chennai,197,0,18.7,118.1,7.0,Loss
3117,2024-06-25,SRH,MI,Mumbai,168,5,16.5,152.5,9.6,Loss
3118,2024-06-26,KKR,RR,Hyderabad,102,9,18.7,174.6,12.0,Win
3119,2024-06-27,RR,DC,Hyderabad,166,9,18.0,199.3,8.9,Win
3120,2024-06-28,RR,PBKS,Jaipur,149,4,15.5,170.2,7.4,Win
3121,2024-06-29,SRH,DC,Kolkata,149,3,18.7,114.4,8.7,Win
3122,2024-06-30,SRH,CSK,Kolkata,222,1,19.4,161.4,5.1,Loss
3123,2024-07-01,DC,SRH,Mumbai,119,4,16.6,119.1,5.2,Win
3124,2024-07-02,SRH,RR,Jaipur,226,0,15.2,133.4,6.8,Loss
3125,2024-07-03,PBKS,RCB,Mohali,230,3,15.0,164.0,7.5,Loss
3126,2024-07-04,KKR,SRH,Kolkata,137,9,20.0,182.8,6.1,Loss
3127,2024-07-05,KKR,RR,Mumbai,143,8,16.3,135.7,11.7,Win
3128,2024-07-06,CSK,KKR,Mohali,236,1,17.3,122.7,11.4,Loss
3129,2024-07-07,SRH,CSK,Jaipur,225,2,16.6,110.9,6.9,Win
3130,2024-07-08,KKR,RR,Delhi,127,0,15.2,156.8,5.1,Loss
3131,2024-07-09,CSK,DC,Mohali,166,5,18.6,196.7,6.6,Win
3132,2024-07-10,RCB,RR,Mohali,185,7,19.6,154.3,7.1,Loss
3133,2024-07-11,RCB,SRH,Jaipur,167,5,17.6,103.2,9.0,Loss
3134,2024-07-12,RR,SRH,Chennai,154,10,18.8,130.8,7.7,Loss
3135,2024-07-13,KKR,RCB,Mumbai,122,2,18.8,171.9,10.5,Win
3136,2024-07-14,PBKS,DC,Mohali,141,9,19.7,194.6,5.4,Win
3137,2024-07-15,PBKS,CSK,Hyderabad,108,1,18.8,114.7,6.2,Win
3138,2024-07-16,DC,MI,Mohali,122,7,19.6,186.2,6.0,Win
3139,2024-07-17,RCB,RR,Delhi,170,6,17.3,177.7,8.1,Loss
3140,2024-07-18,PBKS,RCB,Bangalore,169,4,16.7,142.8,11.6,Win
3141,2024-07-19,KKR,RCB,Chennai,187,6,19.1,193.6,10.4,Win
3142,2024-07-20,DC,CSK,Chennai,132,10,16.2,153.2,8.9,Win
3143,2024-07-21,SRH,RR,Hyderabad,160,3,16.6,134.1,7.4,Win
3144,2024-07-22,SRH,RCB,Hyderabad,104,7,19.4,141.9,10.4,Loss
3145,2024-07-23,PBKS,MI,Jaipur,180,2,15.1,124.4,5.7,Loss
3146,2024-07-24,DC,CSK,Mumbai,230,6,15.6,142.6,8.3,Win
3147,2024-07-25,CSK,PBKS,Mumbai,169,2,17.9,164.4,7.9,Win
3148,2024-07-26,RR,MI,Hyderabad,155,6,18.7,137.7,6.0,Win
3149,2024-07-27,RR,CSK,Chennai,250,5,16.7,113.2,6.6,Win
3150,2024-07-28,DC,RR,Chennai,193,2,16.0,192.1,7.4,Win
3151,2024-07-29,RR,SRH,Mumbai,227,4,16.1,172.6,9.1,Win
3152,2024-07-30,DC,RR,Mumbai,148,7,18.9,117.7,8.1,Loss
3153,2024-07-31,SRH,RR,Kolkata,182,3,19.4,182.7,7.4,Win
3154,2024-08-01,KKR,CSK,Chennai,165,3,17.9,195.1,10.5,Loss
3155,2024-08-02,PBKS,CSK,Mohali,178,7,19.6,128.1,8.2,Loss
3156,2024-08-03,MI,PBKS,Jaipur,161,6,17.8,153.8,6.7,Loss
3157,2024-08-04,RCB,RR,Delhi,223,10,15.6,193.3,6.8,Loss
3158,2024-08-05,PBKS,SRH,Delhi,188,0,17.0,133.3,8.5,Win
3159,2024-08-06,DC,SRH,Mumbai,169,0,15.7,136.3,11.6,Loss
3160,2024-08-07,SRH,CSK,Bangalore,205,7,18.2,118.5,9.2,Loss
3161,2024-08-08,SRH,PBKS,Delhi,132,2,16.8,146.0,11.8,Win
3162,2024-08-09,MI,CSK,Bangalore,168,6,15.0,190.3,5.6,Loss
3163,2024-08-10,MI,CSK,Hyderabad,248,0,19.4,196.6,5.4,Loss
3164,2024-08-11,DC,RCB,Hyderabad,208,0,18.5,115.9,9.6,Win
3165,2024-08-12,RCB,DC,Delhi,132,9,16.7,192.9,10.1,Loss
3166,2024-08-13,CSK,KKR,Chennai,193,4,15.0,119.6,10.8,Loss
3167,2024-08-14,SRH,PBKS,Chennai,219,9,17.3,187.8,7.9,Win
3168,2024-08-15,RR,CSK,Jaipur,127,7,15.1,179.6,6.0,Win
3169,2024-08-16,RR,SRH,Mohali,238,8,19.7,103.1,6.0,Loss
3170,2024-08-17,RCB,PBKS,Bangalore,220,0,18.0,137.3,10.7,Win
3171,2024-08-18,SRH,KKR,Jaipur,219,2,17.6,129.0,6.5,Loss
3172,2024-08-19,RR,RCB,Mohali,181,1,17.7,184.9,7.6,Loss
3173,2024-08-20,CSK,DC,Chennai,204,4,19.2,124.0,8.5,Win
3174,2024-08-21,RCB,SRH,Hyderabad,185,5,16.2,146.1,5.6,Win
3175,2024-08-22,KKR,MI,Mohali,108,9,19.4,171.9,9.9,Win
3176,2024-08-23,RCB,DC,Bangalore,110,9,16.9,199.9,10.7,Win
3177,2024-08-24,RR,MI,Mumbai,231,1,19.5,136.3,10.0,Loss
3178,2024-08-25,SRH,DC,Jaipur,157,0,18.2,133.2,11.1,Loss
3179,2024-08-26,MI,PBKS,Delhi,130,5,15.0,153.3,6.2,Win
3180,2024-08-27,DC,MI,Mohali,155,10,19.2,192.1,7.9,Win
3181,2024-08-28,RR,SRH,Bangalore,166,0,16.1,199.4,8.3,Loss
3182,2024-08-29,RCB,SRH,Delhi,228,6,17.9,128.6,10.8,Win
3183,2024-08-30,MI,DC,Delhi,149,10,16.8,147.0,5.3,Loss
3184,2024-08-31,DC,RR,Delhi,202,6,17.9,166.4,6.8,Loss
3185,2024-09-01,PBKS,KKR,Mumbai,200,5,16.3,118.8,11.4,Win
3186,2024-09-02,MI,CSK,Jaipur,187,6,18.9,116.9,9.3,Loss
3187,2024-09-03,RR,DC,Delhi,105,10,18.7,133.3,5.7,Win
3188,2024-09-04,SRH,MI,Jaipur,119,1,18.6,178.0,8.7,Loss
3189,2024-09-05,MI,RR,Mumbai,204,8,15.9,102.6,6.6,Win
3190,2024-09-06,CSK,SRH,Delhi,102,9,15.2,195.4,11.0,Win
3191,2024-09-07,SRH,DC,Hyderabad,126,5,15.9,143.9,6.0,Loss
3192,2024-09-08,RR,SRH,Jaipur,105,9,17.7,163.5,7.9,Loss
3193,2024-09-09,PBKS,CSK,Jaipur,239,7,16.7,143.3,8.8,Loss
3194,2024-09-10,DC,PBKS,Mohali,161,3,17.9,138.1,5.3,Win
3195,2024-09-11,MI,RR,Mohali,147,5,15.9,115.6,10.6,Win
3196,2024-09-12,PBKS,RCB,Hyderabad,138,10,15.1,179.2,8.6,Win
3197,2024-09-13,DC,RCB,Jaipur,197,8,15.3,187.3,8.2,Win
3198,2024-09-14,SRH,DC,Delhi,120,7,15.1,107.4,11.3,Win
3199,2024-09-15,KKR,RCB,Hyderabad,231,0,17.6,178.9,7.0,Loss
3200,2024-09-16,SRH,MI,Chennai,168,5,15.7,106.8,10.4,Win
3201,2024-09-17,MI,RR,Kolkata,161,0,19.2,146.2,6.0,Win
3202,2024-09-18,KKR,PBKS,Chennai,106,9,17.6,132.3,7.6,Win
3203,2024-09-19,RR,CSK,Chennai,193,9,17.4,109.4,7.3,Win
3204,2024-09-20,CSK,RR,Chennai,235,4,15.2,157.7,8.4,Win
3205,2024-09-21,MI,SRH,Mumbai,147,6,19.4,157.1,6.2,Win
3206,2024-09-22,DC,PBKS,Mohali,209,8,16.8,158.6,6.6,Win
3207,2024-09-23,DC,CSK,Mumbai,234,1,19.8,145.7,6.7,Loss
3208,2024-09-24,RR,RCB,Delhi,239,10,16.2,198.6,8.9,Loss
3209,2024-09-25,KKR,MI,Chennai,226,8,19.4,130.3,8.3,Loss
3210,2024-09-26,SRH,RR,Jaipur,169,5,15.1,161.3,11.1,Loss
3211,2024-09-27,CSK,MI,Mumbai,212,8,17.9,107.6,10.0,Loss
3212,2024-09-28,KKR,RCB,Bangalore,174,1,16.1,104.9,7.0,Win
3213,2024-09-29,PBKS,RR,Mohali,161,10,19.8,199.1,10.9,Win
3214,2024-09-30,PBKS,RR,Delhi,129,10,18.4,160.2,10.1,Win
3215,2024-10-01,MI,RCB,Mumbai,151,2,16.8,116.0,11.9,Loss
3216,2024-10-02,SRH,PBKS,Delhi,213,1,15.8,132.5,9.3,Win
3217,2024-10-03,SRH,CSK,Mohali,189,3,19.7,192.0,7.0,Loss
3218,2024-10-04,DC,SRH,Delhi,220,10,17.4,125.7,11.9,Win
3219,2024-10-05,SRH,RR,Chennai,122,7,19.7,179.0,9.5,Loss
3220,2024-10-06,PBKS,MI,Bangalore,116,9,15.2,167.3,9.4,Loss
3221,2024-10-07,DC,RCB,Kolkata,176,9,18.6,111.0,7.8,Win
3222,2024-10-08,RCB,PBKS,Mumbai,150,3,18.1,100.3,6.6,Win
3223,2024-10-09,MI,RCB,Hyderabad,126,9,17.7,197.1,6.8,Win
3224,2024-10-10,RR,SRH,Mohali,236,4,17.3,141.0,8.6,Loss
3225,2024-10-11,PBKS,MI,Chennai,141,8,19.9,154.8,7.1,Loss
3226,2024-10-12,KKR,PBKS,Jaipur,146,8,19.5,107.3,9.1,Win
3227,2024-10-13,KKR,SRH,Bangalore,104,5,16.0,192.1,10.7,Loss
3228,2024-10-14,RCB,SRH,Chennai,199,2,18.3,100.2,5.1,Win
3229,2024-10-15,PBKS,KKR,Mumbai,191,3,19.7,131.1,9.1,Win
3230,2024-10-16,SRH,MI,Chennai,200,10,17.0,137.0,8.6,Loss
3231,2024-10-17,CSK,PBKS,Mohali,237,2,17.6,180.6,6.0,Win
3232,2024-10-18,DC,PBKS,Mohali,126,0,17.9,182.4,5.7,Loss
3233,2024-10-19,KKR,MI,Kolkata,129,7,19.6,199.8,10.7,Win
3234,2024-10-20,DC,CSK,Kolkata,206,3,16.2,116.3,9.4,Win
3235,2024-10-21,CSK,MI,Jaipur,247,4,18.6,110.5,11.6,Loss
3236,2024-10-22,DC,CSK,Chennai,168,3,16.5,166.5,9.1,Win
3237,2024-10-23,PBKS,KKR,Hyderabad,192,6,17.6,126.3,9.0,Win
3238,2024-10-24,PBKS,RCB,Mohali,192,7,18.4,180.4,8.6,Loss
3239,2024-10-25,MI,SRH,Delhi,115,0,17.0,179.6,9.1,Win
3240,2024-10-26,DC,RCB,Kolkata,210,0,15.9,180.7,5.5,Win
3241,2024-10-27,CSK,PBKS,Kolkata,124,6,16.2,155.7,7.7,Win
3242,2024-10-28,SRH,RR,Bangalore,129,9,18.3,130.1,5.7,Loss
3243,2024-10-29,KKR,CSK,Bangalore,101,2,15.4,168.7,7.8,Loss
3244,2024-10-30,RR,MI,Kolkata,119,2,15.6,104.0,9.5,Win
3245,2024-10-31,DC,SRH,Jaipur,205,1,16.0,108.6,9.8,Win
3246,2024-11-01,MI,CSK,Mumbai,146,3,18.5,146.5,7.6,Loss
3247,2024-11-02,RCB,PBKS,Hyderabad,196,3,18.2,116.5,8.7,Win
3248,2024-11-03,CSK,RR,Mumbai,182,1,19.0,100.8,5.0,Win
3249,2024-11-04,RCB,KKR,Kolkata,188,1,19.7,131.4,11.4,Loss
3250,2024-11-05,PBKS,DC,Hyderabad,100,9,18.1,125.4,11.0,Loss
3251,2024-11-06,CSK,KKR,Delhi,124,2,19.0,101.8,11.2,Loss
3252,2024-11-07,PBKS,KKR,Chennai,198,9,19.1,150.9,11.5,Loss
3253,2024-11-08,RR,CSK,Hyderabad,226,2,17.8,100.1,8.1,Loss
3254,2024-11-09,RCB,RR,Chennai,134,1,16.9,168.6,9.0,Loss
3255,2024-11-10,MI,SRH,Bangalore,120,6,19.1,150.8,5.2,Win
3256,2024-11-11,MI,RR,Kolkata,155,2,16.7,115.7,10.5,Win
3257,2024-11-12,DC,RCB,Delhi,152,5,18.1,120.6,10.7,Win
3258,2024-11-13,DC,CSK,Hyderabad,167,8,17.2,158.6,6.0,Win
3259,2024-11-14,KKR,PBKS,Mumbai,208,2,15.6,198.2,5.9,Loss
3260,2024-11-15,MI,CSK,Bangalore,113,1,15.5,133.9,7.5,Win
3261,2024-11-16,PBKS,RR,Chennai,190,0,15.5,177.8,11.2,Win
3262,2024-11-17,RR,PBKS,Hyderabad,132,8,16.2,124.7,9.7,Loss
3263,2024-11-18,CSK,RCB,Kolkata,115,1,15.4,132.8,8.0,Win
3264,2024-11-19,CSK,SRH,Delhi,229,6,18.6,186.7,7.4,Win
3265,2024-11-20,MI,KKR,Mumbai,161,1,16.5,125.7,11.0,Loss
3266,2024-11-21,MI,RR,Bangalore,229,10,18.4,198.3,5.7,Win
3267,2024-11-22,RR,DC,Mohali,242,0,18.5,135.5,9.4,Loss
3268,2024-11-23,MI,PBKS,Jaipur,108,5,18.4,178.8,5.5,Win
3269,2024-11-24,DC,RR,Bangalore,192,9,18.9,172.5,8.6,Loss
3270,2024-11-25,KKR,MI,Mumbai,119,6,17.6,190.0,10.6,Win
3271,2024-11-26,PBKS,CSK,Jaipur,231,2,18.5,176.3,7.3,Win
3272,2024-11-27,RCB,KKR,Jaipur,173,2,19.4,127.5,10.1,Loss
3273,2024-11-28,CSK,KKR,Hyderabad,190,6,15.5,145.3,10.2,Win
3274,2024-11-29,DC,RR,Mohali,165,7,16.4,173.4,5.1,Loss
3275,2024-11-30,RCB,KKR,Jaipur,147,9,18.0,117.7,7.4,Win
3276,2024-12-01,RCB,KKR,Mohali,123,7,19.7,176.2,10.8,Loss
3277,2024-12-02,RR,RCB,Mumbai,209,5,15.7,161.4,10.8,Loss
3278,2024-12-03,SRH,RCB,Hyderabad,220,7,16.9,136.1,11.9,Win
3279,2024-12-04,RCB,KKR,Hyderabad,206,9,15.3,139.2,8.8,Loss
3280,2024-12-05,KKR,DC,Bangalore,159,2,19.7,195.5,7.8,Win
3281,2024-12-06,SRH,MI,Jaipur,238,8,16.5,135.0,7.2,Win
3282,2024-12-07,CSK,SRH,Kolkata,184,8,17.8,180.7,11.6,Win
3283,2024-12-08,PBKS,MI,Mumbai,103,2,15.5,176.5,11.2,Loss
3284,2024-12-09,MI,SRH,Chennai,204,3,19.0,161.7,9.3,Loss
3285,2024-12-10,SRH,MI,Kolkata,139,4,15.3,177.2,11.2,Loss
3286,2024-12-11,MI,DC,Bangalore,190,9,16.1,170.7,9.1,Win
3287,2024-12-12,SRH,KKR,Bangalore,154,9,15.2,117.4,10.4,Win
3288,2024-12-13,RR,DC,Chennai,196,1,15.5,111.3,7.6,Win
3289,2024-12-14,KKR,RR,Mohali,218,7,18.4,194.5,9.5,Win
3290,2024-12-15,RR,PBKS,Delhi,235,10,16.4,133.0,8.8,Win
3291,2024-12-16,RCB,SRH,Kolkata,126,4,17.5,108.2,7.4,Loss
3292,2024-12-17,SRH,KKR,Mohali,159,5,18.2,181.1,10.1,Loss
3293,2024-12-18,PBKS,RR,Kolkata,146,9,17.4,192.8,5.0,Win
3294,2024-12-19,MI,DC,Chennai,148,8,16.8,127.9,9.1,Loss
3295,2024-12-20,PBKS,DC,Delhi,117,7,19.8,158.5,5.7,Win
3296,2024-12-21,CSK,RCB,Bangalore,249,8,19.0,178.7,10.2,Win
3297,2024-12-22,RCB,PBKS,Hyderabad,175,9,16.0,118.2,10.2,Win
3298,2024-12-23,PBKS,RR,Mumbai,155,0,18.9,116.9,11.1,Loss
3299,2024-12-24,SRH,CSK,Kolkata,147,10,16.9,122.5,6.7,Win
3300,2024-12-25,CSK,RCB,Delhi,169,10,15.3,194.2,9.5,Loss
3301,2024-12-26,CSK,SRH,Mumbai,173,6,16.9,185.7,7.2,Loss
3302,2024-12-27,SRH,CSK,Mumbai,220,0,15.8,198.1,8.5,Loss
3303,2024-12-28,MI,PBKS,Bangalore,110,8,18.7,183.2,6.7,Loss
3304,2024-12-29,RR,SRH,Jaipur,177,10,17.0,159.8,5.2,Win
3305,2024-12-30,CSK,DC,Mohali,154,9,19.0,165.5,10.5,Win
3306,2024-12-31,RCB,SRH,Jaipur,165,10,19.8,146.9,6.6,Win
3307,2025-01-01,CSK,SRH,Mumbai,233,4,17.3,166.3,11.6,Loss
3308,2025-01-02,PBKS,DC,Kolkata,232,6,16.4,173.0,8.4,Loss
3309,2025-01-03,KKR,CSK,Mumbai,239,4,18.0,166.0,10.0,Loss
3310,2025-01-04,DC,SRH,Jaipur,162,9,17.6,124.5,10.9,Loss
3311,2025-01-05,DC,PBKS,Bangalore,150,1,17.7,175.9,8.7,Win
3312,2025-01-06,CSK,RCB,Mohali,148,8,17.1,126.6,7.5,Win
3313,2025-01-07,MI,CSK,Chennai,118,3,17.0,162.4,10.1,Win
3314,2025-01-08,KKR,RR,Mohali,237,1,16.5,165.6,7.0,Win
3315,2025-01-09,RCB,KKR,Hyderabad,232,8,19.6,131.9,7.3,Win
3316,2025-01-10,CSK,KKR,Delhi,127,9,18.0,184.8,5.7,Win
3317,2025-01-11,CSK,MI,Mohali,230,7,18.9,179.3,11.4,Win
3318,2025-01-12,SRH,CSK,Delhi,203,2,17.2,192.3,5.0,Loss
3319,2025-01-13,DC,PBKS,Mohali,141,8,16.9,121.9,10.2,Loss
3320,2025-01-14,SRH,RR,Mohali,116,8,15.7,145.7,6.4,Win
3321,2025-01-15,KKR,CSK,Jaipur,159,6,17.4,105.0,12.0,Loss
3322,2025-01-16,DC,KKR,Mumbai,165,6,17.7,152.1,9.6,Loss
3323,2025-01-17,MI,RR,Jaipur,144,5,16.1,136.4,8.0,Win
3324,2025-01-18,DC,PBKS,Kolkata,198,9,16.2,188.1,10.5,Loss
3325,2025-01-19,RR,MI,Jaipur,217,2,16.9,195.2,7.0,Loss
3326,2025-01-20,RCB,SRH,Mohali,130,2,19.3,185.0,10.3,Loss
3327,2025-01-21,SRH,KKR,Jaipur,146,4,19.0,183.1,11.8,Win
3328,2025-01-22,CSK,MI,Kolkata,138,7,18.9,162.1,9.9,Win
3329,2025-01-23,PBKS,RR,Hyderabad,175,8,17.6,173.2,9.6,Win
3330,2025-01-24,PBKS,RCB,Mohali,167,10,19.4,125.3,7.4,Win
3331,2025-01-25,SRH,RR,Kolkata,163,5,15.2,176.1,10.3,Loss
3332,2025-01-26,PBKS,SRH,Kolkata,222,6,15.8,153.8,8.5,Win
3333,2025-01-27,RCB,MI,Mohali,213,2,17.3,109.1,7.9,Loss
3334,2025-01-28,RCB,RR,Chennai,242,3,18.9,182.5,9.4,Win
3335,2025-01-29,CSK,KKR,Hyderabad,132,8,17.4,172.5,8.0,Loss
3336,2025-01-30,RR,RCB,Hyderabad,163,2,20.0,164.3,9.9,Loss
3337,2025-01-31,PBKS,KKR,Delhi,120,3,19.8,170.7,6.2,Win
3338,2025-02-01,RR,MI,Hyderabad,121,3,19.5,176.3,6.2,Loss
3339,2025-02-02,RR,PBKS,Hyderabad,217,6,19.1,117.1,11.9,Loss
3340,2025-02-03,DC,RCB,Kolkata,218,4,16.4,173.9,11.3,Loss
3341,2025-02-04,KKR,DC,Jaipur,114,1,18.3,172.8,6.0,Loss
3342,2025-02-05,MI,SRH,Hyderabad,126,0,15.3,189.6,7.8,Loss
3343,2025-02-06,DC,SRH,Kolkata,217,7,19.1,131.7,6.0,Loss
3344,2025-02-07,CSK,RCB,Hyderabad,192,7,16.6,155.3,8.0,Loss
3345,2025-02-08,KKR,MI,Mumbai,153,10,16.0,120.5,5.7,Loss
3346,2025-02-09,PBKS,MI,Mohali,228,9,17.7,123.9,8.8,Win
3347,2025-02-10,MI,DC,Kolkata,111,6,18.1,125.3,9.2,Loss
3348,2025-02-11,RCB,SRH,Kolkata,165,6,17.0,137.6,9.4,Loss
3349,2025-02-12,CSK,MI,Kolkata,201,3,17.9,101.8,6.3,Loss
3350,2025-02-13,MI,RCB,Jaipur,236,8,19.2,160.6,9.8,Loss
3351,2025-02-14,KKR,DC,Jaipur,214,10,16.6,126.9,5.4,Win
3352,2025-02-15,KKR,MI,Delhi,199,3,17.8,110.8,7.9,Win
3353,2025-02-16,SRH,PBKS,Mohali,189,2,17.8,198.3,11.5,Win
3354,2025-02-17,RR,DC,Chennai,174,2,16.6,168.3,12.0,Loss
3355,2025-02-18,PBKS,MI,Mohali,188,7,17.4,155.1,9.3,Loss
3356,2025-02-19,DC,RCB,Jaipur,196,2,16.4,129.9,9.0,Loss
3357,2025-02-20,KKR,CSK,Jaipur,104,6,17.1,158.1,6.5,Win
3358,2025-02-21,MI,RR,Hyderabad,214,4,16.4,160.8,6.1,Win
3359,2025-02-22,DC,CSK,Hyderabad,124,9,16.6,123.7,8.9,Win
3360,2025-02-23,RR,KKR,Chennai,215,1,18.8,102.1,5.0,Loss
3361,2025-02-24,RR,PBKS,Jaipur,202,0,19.9,104.4,7.1,Loss
3362,2025-02-25,SRH,DC,Chennai,228,3,19.2,121.9,11.5,Loss
3363,2025-02-26,KKR,RR,Jaipur,164,4,19.0,127.5,9.1,Loss
3364,2025-02-27,SRH,CSK,Kolkata,161,7,17.7,169.4,9.9,Win
3365,2025-02-28,CSK,KKR,Delhi,125,4,18.8,187.5,7.6,Win
3366,2025-03-01,MI,RCB,Jaipur,173,9,20.0,111.8,10.8,Loss
3367,2025-03-02,RCB,MI,Jaipur,212,3,16.4,183.3,9.2,Loss
3368,2025-03-03,RCB,DC,Chennai,137,3,19.3,141.2,8.8,Loss
3369,2025-03-04,CSK,DC,Kolkata,126,7,16.1,105.3,11.0,Win
3370,2025-03-05,SRH,CSK,Mohali,163,0,16.5,172.8,5.9,Win
3371,2025-03-06,KKR,SRH,Jaipur,151,0,17.8,195.2,9.9,Win
3372,2025-03-07,MI,KKR,Mohali,163,6,17.0,112.1,9.2,Loss
3373,2025-03-08,CSK,PBKS,Chennai,109,4,17.8,160.7,6.2,Loss
3374,2025-03-09,SRH,RCB,Delhi,247,3,20.0,116.1,6.4,Win
3375,2025-03-10,RR,DC,Bangalore,137,10,17.3,176.3,11.3,Win
3376,2025-03-11,MI,SRH,Bangalore,116,4,17.3,128.3,7.7,Loss
3377,2025-03-12,PBKS,SRH,Bangalore,121,8,19.5,180.0,5.9,Loss
3378,2025-03-13,RR,CSK,Jaipur,194,3,18.1,125.3,9.5,Win
3379,2025-03-14,CSK,DC,Kolkata,155,8,16.7,110.2,11.3,Loss
3380,2025-03-15,DC,RCB,Mohali,169,3,19.2,102.6,10.1,Loss
3381,2025-03-16,RCB,PBKS,Chennai,233,2,19.0,135.1,9.7,Win
3382,2025-03-17,SRH,DC,Hyderabad,113,1,18.7,119.2,8.8,Win
3383,2025-03-18,SRH,RR,Delhi,231,6,16.4,136.6,9.5,Loss
3384,2025-03-19,SRH,MI,Delhi,247,9,15.9,142.2,8.5,Loss
3385,2025-03-20,PBKS,RR,Chennai,109,7,17.8,126.1,12.0,Loss
3386,2025-03-21,SRH,RR,Hyderabad,238,6,15.3,186.2,8.7,Loss
3387,2025-03-22,KKR,PBKS,Chennai,143,2,18.2,169.1,8.7,Win
3388,2025-03-23,MI,DC,Delhi,102,4,17.2,181.5,11.6,Loss
3389,2025-03-24,RCB,PBKS,Bangalore,192,1,18.6,154.8,9.5,Loss
3390,2025-03-25,CSK,KKR,Mohali,112,5,18.4,115.2,7.5,Loss
3391,2025-03-26,DC,SRH,Hyderabad,244,8,16.5,169.2,7.7,Win
3392,2025-03-27,RCB,PBKS,Jaipur,130,8,15.6,174.1,7.7,Loss
3393,2025-03-28,MI,CSK,Chennai,190,5,19.9,162.9,9.8,Loss
3394,2025-03-29,RR,KKR,Chennai,236,8,15.1,171.7,10.1,Loss
3395,2025-03-30,RCB,PBKS,Mohali,118,9,16.9,190.1,6.5,Win
3396,2025-03-31,DC,PBKS,Jaipur,198,10,17.7,111.8,7.3,Win
3397,2025-04-01,PBKS,CSK,Bangalore,103,2,17.4,126.6,9.5,Win
3398,2025-04-02,PBKS,KKR,Mohali,192,3,18.8,119.4,9.1,Win
3399,2025-04-03,DC,PBKS,Chennai,214,4,19.7,152.5,5.1,Win
3400,2025-04-04,DC,KKR,Bangalore,245,7,19.0,153.6,8.5,Loss
3401,2025-04-05,RR,PBKS,Hyderabad,120,4,18.9,180.4,11.5,Loss
3402,2025-04-06,PBKS,CSK,Kolkata,225,6,16.9,181.3,8.2,Loss
3403,2025-04-07,DC,CSK,Hyderabad,141,5,19.3,120.3,11.3,Loss
3404,2025-04-08,CSK,RR,Chennai,145,4,18.7,196.2,9.7,Win
3405,2025-04-09,RCB,PBKS,Jaipur,233,4,16.6,173.0,10.5,Win
3406,2025-04-10,RR,DC,Kolkata,151,4,15.4,131.1,10.8,Loss
3407,2025-04-11,RR,CSK,Bangalore,247,9,16.9,125.8,9.4,Loss
3408,2025-04-12,SRH,RCB,Mumbai,134,4,18.0,117.9,8.1,Win
3409,2025-04-13,RR,RCB,Hyderabad,147,3,15.9,185.1,10.1,Win
3410,2025-04-14,RR,PBKS,Delhi,203,5,18.9,181.5,11.1,Win
3411,2025-04-15,DC,SRH,Jaipur,150,6,18.8,177.4,11.3,Loss
3412,2025-04-16,RCB,SRH,Delhi,199,6,18.1,136.8,5.3,Win
3413,2025-04-17,SRH,DC,Chennai,128,8,19.4,162.7,10.6,Loss
3414,2025-04-18,RR,DC,Bangalore,178,10,16.1,184.5,11.4,Loss
3415,2025-04-19,CSK,DC,Mumbai,110,3,16.3,133.6,8.6,Win
3416,2025-04-20,DC,PBKS,Hyderabad,168,6,15.6,103.4,6.6,Loss
3417,2025-04-21,KKR,CSK,Bangalore,141,7,17.6,138.3,10.0,Loss
3418,2025-04-22,KKR,CSK,Kolkata,156,7,16.6,170.1,7.5,Win
3419,2025-04-23,PBKS,DC,Jaipur,225,1,16.2,143.8,11.4,Loss
3420,2025-04-24,CSK,KKR,Mohali,228,4,15.4,105.7,9.4,Win
3421,2025-04-25,RR,KKR,Bangalore,166,10,20.0,162.6,6.5,Loss
3422,2025-04-26,SRH,PBKS,Delhi,192,2,19.1,188.1,11.2,Loss
3423,2025-04-27,DC,RCB,Mumbai,181,9,16.6,106.8,8.3,Loss
3424,2025-04-28,CSK,DC,Jaipur,125,2,17.0,178.2,8.8,Win
3425,2025-04-29,DC,PBKS,Jaipur,203,0,17.8,109.4,8.9,Loss
3426,2025-04-30,MI,SRH,Hyderabad,207,1,15.3,196.1,5.5,Loss
3427,2025-05-01,SRH,DC,Delhi,228,9,16.9,181.7,11.5,Win
3428,2025-05-02,PBKS,RR,Jaipur,154,4,17.9,198.3,6.8,Loss
3429,2025-05-03,PBKS,KKR,Hyderabad,206,9,19.8,199.9,10.0,Loss
3430,2025-05-04,RR,SRH,Mumbai,150,9,19.8,147.6,11.9,Win
3431,2025-05-05,RR,CSK,Bangalore,160,5,18.8,164.5,5.8,Loss
3432,2025-05-06,RR,RCB,Delhi,116,10,15.3,123.2,7.3,Win
3433,2025-05-07,RCB,KKR,Mohali,225,0,18.0,184.5,7.8,Win
3434,2025-05-08,DC,CSK,Mohali,154,5,17.3,129.0,8.9,Win
3435,2025-05-09,RR,DC,Jaipur,228,4,18.2,109.9,10.4,Loss
3436,2025-05-10,MI,KKR,Jaipur,188,1,17.0,126.6,11.5,Win
3437,2025-05-11,RR,DC,Bangalore,182,1,17.5,167.4,6.1,Loss
3438,2025-05-12,MI,KKR,Bangalore,244,2,17.2,191.3,8.5,Loss
3439,2025-05-13,KKR,DC,Jaipur,208,3,15.7,196.8,11.3,Win
3440,2025-05-14,PBKS,CSK,Delhi,228,5,18.6,116.2,5.2,Win
3441,2025-05-15,SRH,DC,Mohali,162,0,15.0,121.1,8.2,Loss
3442,2025-05-16,CSK,MI,Chennai,234,5,17.4,141.3,5.9,Loss
3443,2025-05-17,KKR,RCB,Mohali,148,9,19.2,149.8,9.6,Loss
3444,2025-05-18,DC,PBKS,Kolkata,130,9,18.9,113.4,7.3,Win
3445,2025-05-19,RR,PBKS,Kolkata,119,3,16.6,118.1,6.1,Win
3446,2025-05-20,SRH,PBKS,Delhi,201,8,17.6,100.1,5.8,Loss
3447,2025-05-21,CSK,RCB,Kolkata,107,5,19.5,175.0,11.0,Win
3448,2025-05-22,SRH,KKR,Jaipur,154,6,16.6,123.5,9.0,Win
3449,2025-05-23,MI,RR,Mohali,142,3,17.9,123.0,8.0,Win
3450,2025-05-24,DC,SRH,Mohali,159,9,19.7,181.2,7.3,Win
3451,2025-05-25,RCB,SRH,Bangalore,179,2,19.8,100.0,9.3,Win
3452,2025-05-26,KKR,CSK,Mumbai,175,0,18.4,166.5,11.3,Loss
3453,2025-05-27,PBKS,RCB,Bangalore,195,0,19.9,194.8,11.2,Loss
3454,2025-05-28,KKR,PBKS,Chennai,138,0,18.9,144.0,6.6,Loss
3455,2025-05-29,SRH,RCB,Mumbai,125,4,19.9,147.6,9.1,Loss
3456,2025-05-30,CSK,DC,Chennai,122,1,18.4,157.8,6.6,Loss
3457,2025-05-31,DC,PBKS,Kolkata,117,3,18.3,166.6,6.8,Win
3458,2025-06-01,KKR,PBKS,Jaipur,231,6,15.3,143.3,11.4,Loss
3459,2025-06-02,DC,RCB,Bangalore,125,1,17.4,131.6,5.6,Loss
3460,2025-06-03,PBKS,SRH,Mohali,170,8,16.7,105.8,8.8,Win
3461,2025-06-04,DC,MI,Hyderabad,234,1,15.2,146.5,10.0,Loss
3462,2025-06-05,PBKS,KKR,Bangalore,170,3,18.2,181.3,9.8,Loss
3463,2025-06-06,DC,CSK,Delhi,176,1,19.9,196.6,6.2,Loss
3464,2025-06-07,RR,RCB,Chennai,148,4,17.9,185.3,6.2,Loss
3465,2025-06-08,KKR,MI,Hyderabad,193,7,16.8,162.9,8.4,Loss
3466,2025-06-09,PBKS,MI,Hyderabad,212,3,19.7,191.3,10.7,Win
3467,2025-06-10,RR,SRH,Chennai,185,10,18.4,188.9,5.1,Win
3468,2025-06-11,DC,RCB,Bangalore,167,3,15.8,169.4,11.4,Loss
3469,2025-06-12,RCB,KKR,Mumbai,181,0,18.0,159.8,7.5,Loss
3470,2025-06-13,KKR,DC,Delhi,131,8,19.3,163.9,7.0,Win
3471,2025-06-14,RR,DC,Kolkata,157,8,18.9,168.1,10.2,Win
3472,2025-06-15,MI,SRH,Delhi,161,9,17.5,196.8,7.9,Loss
3473,2025-06-16,MI,PBKS,Bangalore,214,9,18.4,109.0,6.4,Win
3474,2025-06-17,CSK,KKR,Mumbai,125,8,19.4,175.4,10.1,Win
3475,2025-06-18,SRH,PBKS,Hyderabad,241,5,18.7,183.9,6.9,Loss
3476,2025-06-19,PBKS,CSK,Mumbai,109,6,17.8,126.6,9.8,Loss
3477,2025-06-20,RCB,SRH,Mohali,116,10,19.9,124.0,10.5,Loss
3478,2025-06-21,RCB,KKR,Jaipur,211,6,15.3,109.2,11.6,Loss
3479,2025-06-22,KKR,CSK,Jaipur,177,1,16.6,183.8,9.4,Win
3480,2025-06-23,KKR,MI,Mohali,133,10,19.8,149.8,10.3,Win
3481,2025-06-24,MI,SRH,Kolkata,245,1,15.2,186.4,7.8,Win
3482,2025-06-25,RCB,SRH,Bangalore,110,10,18.5,129.9,5.5,Loss
3483,2025-06-26,PBKS,RR,Bangalore,121,2,17.6,152.5,5.8,Loss
3484,2025-06-27,CSK,KKR,Hyderabad,228,4,18.0,170.7,9.4,Win
3485,2025-06-28,CSK,DC,Mumbai,236,5,15.4,147.9,11.5,Win
3486,2025-06-29,DC,CSK,Mumbai,135,4,15.0,163.9,5.8,Loss
3487,2025-06-30,CSK,DC,Jaipur,133,8,16.6,107.8,7.0,Loss
3488,2025-07-01,SRH,KKR,Hyderabad,190,9,17.0,114.5,10.3,Loss
3489,2025-07-02,MI,CSK,Mumbai,205,6,18.2,200.0,10.5,Loss
3490,2025-07-03,RCB,KKR,Chennai,204,1,17.7,157.9,8.5,Win
3491,2025-07-04,KKR,MI,Chennai,201,3,15.3,116.8,5.6,Win
3492,2025-07-05,SRH,CSK,Jaipur,246,1,15.3,178.0,9.4,Win
3493,2025-07-06,CSK,MI,Kolkata,119,8,18.3,158.2,7.4,Win
3494,2025-07-07,RCB,MI,Jaipur,143,1,19.2,126.7,6.1,Win
3495,2025-07-08,MI,KKR,Mohali,188,6,17.4,181.7,5.6,Win
3496,2025-07-09,KKR,PBKS,Kolkata,195,2,16.2,137.4,7.2,Win
3497,2025-07-10,MI,KKR,Chennai,155,0,17.0,109.8,10.5,Win
3498,2025-07-11,DC,PBKS,Chennai,164,10,15.3,199.1,7.9,Loss
3499,2025-07-12,DC,SRH,Chennai,201,4,18.6,125.9,8.4,Win
3500,2025-07-13,RR,MI,Mumbai,115,1,16.1,180.7,9.0,Loss
